ANALYSENR	LAND	FUNDORT	FUNDPLATZ	MUSEUM	KULTUR	OBJEKT
1	D	Adlerberg b. Worms	Grab 7	Worms 20, BE 4b		Pfriem mit Mittelschwellung
2	D	Adlerberg b. Worms	Grab 7	Worms 20, BE 4a		Rollennadel mit säbelförmigen Schaft
3	D	Adlerberg b. Worms	Einzf.	Worms BE 13		Dolch mit 2 Nieten
4	D	Adlerberg b. Worms	Grab 21	Worms 20, BE 10a		Dolch mit 2 Nieten
5	D	Albsheim Kr.Frankenthal-Pfalz	F.O.?	Worms 20		Dolch mit 2 Nieten und Seitenrillen
6	D	Albsheim Kr.Frankenthal-Pfalz	F.O.?	Worms 20		Dolch mit 2 Nieten und Seitenrillen
7	D	Altheim, Kr. Landshut	Siedl.	München, Stslg. 1919:599-604		Pfriem
8	D	Altheim, Kr. Landshut	Siedl.	München, Stslg. 1919:599-604	ALT	Flachbeil
9	D	Altheim, Kr. Landshut	Siedl.	München, Stslg. 1919:599-604	ALT	Blechstück
10	D	Altheim, Kr. Landshut	Siedl.	München, Stslg. 1919:599-604	ALT	Gußstück
11	D	Hofschallern, Gem. Stammham, Kr. Altötting	F.O.?	München, Stslg. 3352		Ösenringbarren, Halsringkragen aus 6 Ringen
12	D	Aschering, Kr. Starnberg	Depot	München, Stslg. 1921:8		Ösenringbarren
13	D	Aschering, Kr. Starnberg	Depot	München, Stslg. 1921:8		Ösenringbarren
14	D	Aschering, Kr. Starnberg	Depot	München, Stslg. 1921:8		Ösenringbarren
15	D	Aschering, Kr. Starnberg	Depot	München, Stslg. 1921:8		Ösenringbarren
16	D	Aschering, Kr. Starnberg	Depot	München, Stslg. 1921:8		Ösenringbarren
17	D	Aschering, Kr. Starnberg	Depot	München, Stslg. 1921:8		Ösenringbarren
18	D	Aschering, Kr. Starnberg	Depot	München, Stslg. 1921:8		Ösenringbarren
19	D	Aschering, Kr. Starnberg	Depot	München, Stslg. 1921:8		Ösenringbarren
20	D	Aschering, Kr. Starnberg	Depot	München, Stslg. 1921:8		Ösenringbarren
21	D	Aschering, Kr. Starnberg	Depot	München, Stslg. 1921:8		Ösenringbarren
22	D	Aufhausen, Kr. Regensburg	Grab	Regensburg A 701		Ring, hohl gegossen mit Zinken
23	D	Aufhausen, Kr. Regensburg	Grab	Regensburg A 701		Ring, hohl gegossen mit Zinken
24	D	Augsburg	Einzf.	Augsburg 722		Stabdolch, Klinge
25	D	Baden-Württemberg	Ohne näheren Angaben "Vielleicht badisch"	Karlsruhe C 7077		Ösenringbarren
26	D	Baden-Württemberg	Ohne näheren Angaben "Vielleicht badisch"	Karlsruhe C 7077		Ösenringbarren
27	D	Barbing, Kr. Regensburg	Grab 3	Regensburg 366	GBK	Griffzungendolch
28	D	Beizkofen, Kr. Saulgau	Grab	Stuttgart, WLM A 721		Rollennadel, ellipt. Kopfpl. u. ger. Schaft
29	D	Beizkofen, Kr. Saulgau	Grab	Stuttgart, WLM A 721		Spirale, nieder
30	D	Beizkofen, Kr. Saulgau	Grab	Stuttgart, WLM A 721		Spirale, hoch
31	D	Berghausen Kr. Karlsruhe	Vermutlich Grab	Karlsruhe		Scheibennadel, verziert
32	D	Berghausen Kr. Karlsruhe	Vermutlich Grab	Karlsruhe		Scheibennadel, groß, verziert
33	D	Berkach, Gem. Ehingen, Alb-Donau-Kreis	Dep.?	Stuttgart, WLM 985		Ösenringbarren
34	D	Berkach, Gem. Ehingen, Alb-Donau-Kreis	Dep.?	Stuttgart, WLM 985		Ösenringbarren
35	D	Berkach, Gem. Ehingen, Alb-Donau-Kreis	Dep.?	Stuttgart, WLM 985		Ösenringbarren
36	D	Bermersheim	Einzf.	Worms 27		Dolch m. 4 Nieten u. eingezogenen Seiten
37	D	Bodensee F.O.?	Vermutlich Siedl.	Stuttgart, WLM A 31/128		Kugelkopfnadel
38	D	Bodensee F.O.?	Vermutlich Siedl.	Stuttgart, WLM A 31/126		Rollennadel m. tordiertem Schaft
39	D	Bodensee F.O.?	Vermutlich Siedl.	Stuttgart, WLM A 31/127		Rollennadel m. tordiertem Schaft
40	D	Bodensee F.O.?	Vermutlich Siedl.	Stuttgart, WLM		Ösenkopfnadel m. durchbohrtem Kopf
41	D	Bühl, Donau-Ries Kreis	Depot	Nördlingen		Randleistenbeil, Typ Bühl
42	D	Bühl, Donau-Ries Kreis	Depot	Nördlingen		Randleistenbeil, Typ Bühl (Typ 3)
43	D	Bühl, Donau-Ries Kreis	Depot	Nördlingen		Tülle einer Lanzenspitze
44	D	Bühl, Donau-Ries Kreis	Depot	Nördlingen		Gußbrocken
45	D	Bühl, Donau-Ries Kreis	Depot	Nördlingen		Sichel mit 2 Rippen
46	D	Bühl, Donau-Ries Kreis	Depot	Nördlingen		Blechstreifen, punzverziert
47	D	Bühl, Donau-Ries Kreis	Depot	Nördlingen		Näpfchen
48	D	Bühl, Donau-Ries Kreis	Depot	Nördlingen		Kugelkopfnadel
49	D	Bühl, Donau-Ries Kreis	Depot	Nördlingen		Schwertspitze
50	D	Bühl, Donau-Ries Kreis	Depot	Nördlingen		Dolchklinge
51	D	Bühl, Donau-Ries Kreis	Depot	Nördlingen		Lanzenspitze in Bruchstücken
52	D	Bühl, Donau-Ries Kreis	Depot	Nördlingen		Gußbrocken
53	D	Bühl, Donau-Ries Kreis	Depot	Nördlingen		Randleistenbeil, fragm.
54	D	Bühl, Donau-Ries Kreis	Depot	Nördlingen		Sichelfragment
55	D	Bühl, Donau-Ries Kreis	Depot	Nördlingen		Bronzespirale, groß
56	D	Bühl, Donau-Ries Kreis	Depot	Nördlingen		Blechtutulus, groß
57	D	Bühl, Donau-Ries Kreis	Depot	Nördlingen		Blechtutulus, groß
58	D	Bühl, Donau-Ries Kreis	Depot	Nördlingen		Blechtutulus, klein
59	D	Bühl, Donau-Ries Kreis	Depot	Nördlingen		Pfeilspitze
60	D	Bühl, Donau-Ries Kreis	Depot	Nördlingen		Blechtutulus mit Loch
61	D	Bühl, Donau-Ries Kreis	Depot	Nördlingen		Punziertes Blechband
62	D	Bühl, Donau-Ries Kreis	Depot	Nördlingen		Randleistenbeil, Typ Bühl, mit leichter Rast
63	D	Bühl, Donau-Ries Kreis	Depot	Nördlingen		Randleistenbeil, Typ Bühl (Typ 3)
64	D	Bühl, Donau-Ries Kreis	Depot	Nördlingen		Randleistenbeil, fragm.
65	D	Burgweinting, Kr. Regensburg	F.O.? Verm. nicht aus Burgweinting	Regensburg 376a		Dolch
66	D	Stuttgart-Bad Cannstatt	Einzf.	Stuttgart, WLM A 234		Ösenringbarren
67	D	Stuttgart-Bad Cannstatt	Grab 5	Stuttgart, WLM		Rudernadel, verz.
68	D	Stuttgart-Bad Cannstatt	Grab 5	Stuttgart, WLM		Blechröhrchen
69	D	Stuttgart-Bad Cannstatt	Grab 1	Stuttgart, WLM		Armspirale
70	D	Stuttgart-Bad Cannstatt	Grab 4	Stuttgart, WLM		Armspirale
71	D	Stuttgart-Bad Cannstatt	Grab 4	Stuttgart, WLM		Scheibennadel, kl., ruderf., einger. Kopfplatte
72	D	Dillingen a. d. Donau, Kr. Dillingen	Grab	Dillingen	GBK	Griffzungendolch
73	D	Döttingen, Kr. Schwäbisch-Hall	Unsicher, vielleicht Grab	Stuttgart, WLM 12736		Vollgriffdolch: Blatt
74	D	Döttingen, Kr. Schwäbisch-Hall	Unsicher, vielleicht Grab	Stuttgart, WLM 12736		Vollgriffdolch: Griff
75	D	Döttingen, Kr. Schwäbisch-Hall	Unsicher, vielleicht Grab	Stuttgart, WLM 12736		Vollgriffdolch: Niet
76	CH	Dürnten, Kt.Zürich	Einzf.	Zürich, SLM		Großes Beil
77	D	Efringen-Kirchen	Gräber in Höhle, mind. 4 SK	Karlsruhe C 8592		Dolch mit 4 Nieten und Seitenrillen
78	D	Münsingen, Kr. Reutlingen	Einzf.	Stuttgart, WLM A 32/164		Dolch mit 3 Nieten
79	D	Ittenhausen, Gem. Ensmad, Kr. Riedlingen	Grab	Stuttgart, WLM A 34/150		Nadel m. durchb. Hals u. gefl. gep. Schaft
80	D	Ittenhausen, Gem. Ensmad, Kr. Riedlingen	Grab	Stuttgart, WLM A 34/150		Nadel m. durchb. Hals u. gefl. gep. Schaft
81	D	Eriskirch, Bodenseekreis	Einzelf.	Stuttgart, WLM 12584		Randleistenbeil, Typ ?, Salez-Langquaid
82	D	Eriskirch, Bodenseekreis	Einzelf.	Stuttgart, WLM 12584		Randleistenbeil (3 An.) Typ unklar
83	D	Eriskirch, Bodenseekreis	Einzelf.	Stuttgart, WLM 12584		Randleistenbeil (3 An.), Typ unklar
84	D	Friedberg	Depot	Augsburg 570, 1-22		Randleistenbeil, Schneidenfrag., Typ Langquaid
85	D	Friedberg	-0			Gußbrocken
86	D	Friedberg	Depot	Augsburg 570, 11		Sichel
87	D	Galgweis-Gergweis Kr.Vilshofen	Einzf.	München, Stslg. 1958, 715		Scheibennadel, verz.
88	D	Galgweis-Gergweis Kr.Vilshofen	Einzf.	München, Stslg. 1958, 716		Scheibennadel, verz.
89	D	Gammersham, Kr. Wasserburg	Depot	München, Stslg. 1909:9		Ösenringbarren
90	D	Gammersham, Kr. Wasserburg	Depot	München, Stslg. 1909:82		Ösenringbarren
91	D	Gammersham, Kr. Wasserburg	Depot	München, Stslg. 1909:11		Ösenringbarren
92	D	Gammersham, Kr. Wasserburg	Depot	München, Stslg. 1909:8		Ösenringbarren
93	D	Gammersham, Kr. Wasserburg	Depot	München, Stslg. 1909:23		Ösenringbarren
94	D	Grünwald-Geiselgasteig, Kr. München	Grab 1	München, Stslg. 1912:601		Scheibennadel, verziert
95	D	Gessenhausen, Gem. Taching, Kr. Traunstein	Grab od. Dep.	München, Stslg. H.V. 227		Spiraltutulus
96	D	Göggingen, Kr. Augsburg	DoppelGrab, Grab 1	Augsburg, Maxim.Mus.		Zierscheibe, groß
97	D	Göggingen, Kr. Augsburg	Grab 2	Augsburg		Spiraltutulus
98	D	Göggingen, Kr. Augsburg	DoppelGrab, Grab 1	Augsburg		Blechtutulus
99	D	Göggingen, Kr. Augsburg	Grab 2	Augsburg		Armspirale, 5,2 Windungen erh.
100	D	Göggingen, Kr. Augsburg	Grab 2	Augsburg		Schleifennadel, Horkheimer Nadel
101	D	Göggingen, Kr. Augsburg	DoppelGrab, Grab 1	Augsburg		Schleifennadel, zypr.
102	D	Goldburghausen, Gem. Riesbürg, Ostalbkreis	Goldberg, Siedl.	Stuttgart, WLM 223-1563		Meißel
103	D	Goldburghausen, Gem. Riesbürg, Ostalbkreis	Siedl.	Stuttgart, WLM 227-494		Meißel
104	D	Goldburghausen, Gem. Riesbürg, Ostalbkreis	Goldberg, Siedl.	Stuttgart, WLM 545a		Flachbeil
105	D	Goldburghausen, Gem. Riesbürg, Ostalbkreis	Goldberg, Siedl.	Stuttgart, WLM 214-28017		Flachbeil
106	D	Goldburghausen, Gem. Riesbürg, Ostalbkreis	Goldberg, Siedl.	Stuttgart, WLM 221-28013		Meißel
107	D	Goldburghausen, Gem. Riesbürg, Ostalbkreis	Goldberg, Siedl.	Stuttgart, WLM		Randleistenbeil, geschwung. Schneide, Langquaid II
108	D	Goldburghausen, Gem. Riesbürg, Ostalbkreis	Goldberg, Siedl.	Stuttgart, WLM A 1694		Ringkopfnadel
109	D	Neudorf, Gem. Graben, Kr. Karlsruhe	Einzf.	Karlsruhe C 2069		Kugelkopfnadel, durchbohrt, verziert, junge Form
110	D	Gr. Gerau	Einzf.	Groß-Gerau		Flachbeil
111	D	Güglingen, Kr. Heilbronn	Einzelf.	Stuttgart, WLM A 3127		Randleistenbeil, Typ Salez (3 An.)
112	D	Güglingen, Kr. Heilbronn	Einzelf.	Stuttgart, WLM A 3127		Randleistenbeil, Typ Salez (3 An.)
113	D	Güglingen, Kr. Heilbronn	Einzelf.	Stuttgart, WLM A 3127		Randleistenbeil, Typ Salez (3 An.)
114	D	Haberskirch, Kr.Friedberg	Dep., Gewässerfund	Sigmaringen 847		Lyranadel mit 3-teiliger Kopfplatte
115	D	Haberskirch, Kr.Friedberg	Dep., Gewässerfund	Sigmaringen 848		Lyranadel mit 3-teiliger Kopfplatte
116	D	Haberskirch, Kr.Friedberg	Dep., Gewässerfund	Sigmaringen 852		Blechtutulus
117	D	Haberskirch, Kr.Friedberg	Dep., Gewässerfund	Sigmaringen		Spirale, Frgm.
118	D	Haberskirch, Kr.Friedberg	Dep., Gewässerfund	Sigmaringen		Dreiarmnadel (Kleeblattnadel?)
119	D	Haberskirch, Kr.Friedberg	Dep., Gewässerfund	Sigmaringen		Kleeblattnadel
120	D	Haberskirch, Kr.Friedberg	Dep., Gewässerfund	Sigmaringen 849		Kleeblattnadel
121	D	Haberskirch, Kr.Friedberg	Dep., Gewässerfund	Sigmaringen 850		Dreiarmnadel (Kleeblattnadel?)
122	D	Hagelstadt, Kr. Regensburg	Depot	München, Stslg. IV 680		Ösenringbarren
123	D	Hagelstadt, Kr. Regensburg	Depot	München, Stslg. IV 680		Ösenringbarren
124	D	Hagelstadt, Kr. Regensburg	Depot	München, Stslg. IV 680		Ösenringbarren
125	D	Hagelstadt, Kr. Regensburg	Depot	München, Stslg. IV 680		Ösenringbarren
126	D	Hagelstadt, Kr. Regensburg	Depot	München, Stslg. IV 680		Ösenringbarren
127	D	Hammel Kr.Augsburg	Einzf.	Augsburg VF 124		Vollgriffdolch: Blatt
128	D	Hammel Kr.Augsburg	Einzf.	Augsburg VF 124		Vollgriffdolch: Griff
129	D	Hammel Kr.Augsburg	Einzf.	Augsburg VF 124		Vollgriffdolch: Niet und Blatt
130	D	Hammel Kr.Augsburg	Einzf.	Augsburg VF 124		Vollgriffdolch: Niet
131	D	Hepsisau, Kr. Nürtingen	Einzf.	Stuttgart, WLM A 1213		Dolchklinge, verz., 5 (?) Niete
132	D	Heroldingen, Donau-Ries Kreis	Grab	München, Stslg. 1909, 1		Rudernadel, verziert
133	D	Honau, Kr. Reutlingen	Grab in Höhle	Stuttgart, WLM A 30/178e		Offener Armreif
134	D	Honau, Kr. Reutlingen	Grab in Höhle	Stuttgart, WLM A 30/178g		Ösenhalsring, klein
135	D	Honau, Kr. Reutlingen	Grab in Höhle	Stuttgart, WLM A 30/178h		Blechröhrchen
136	D	Honau, Kr. Reutlingen	Grab in Höhle	Slg. Tübingen		Zierscheibe, Frgm.
137	D	Honau, Kr. Reutlingen	Grab in Höhle	Slg. Tübingen		Blechröhrchen, verz.
138	D	Honau, Kr. Reutlingen	Grab in Höhle	Slg. Tübingen		Ösenring, klein, Bruchstück
139	D	Honsolgen, Kr. Marktoberdorf	Dep., Schmuckdepot	Augsburg 91		Zierscheibe
140	D	Honsolgen, Kr. Marktoberdorf	Dep., Schmuckdepot	Augsburg 91		Pfriem mit Mittelschwellung
141	D	Honsolgen, Kr. Marktoberdorf	Dep., Schmuckdepot	Augsburg 91		Rollennadel, ellipt. Kopfpl. u. ger. Schaft
142	D	Hügelsheim, Kr. Rastatt	Einzf.	Karlsruhe C 2023		Dolch, 5 Niete, verz.
143	D	Indelhausen, Kr.Münsingen	Einzf. aus Gerberhöhle	Stuttgart, WLM		Gußbarren
145	D	Irlbach, Kr. Straubing	Einzf.	Straubing 3781		Randleistenbeil, Typ Langquaid
146	D	Kelsterbach, Kr. Gr. Gerau	Dep. in Grab	Darmstadt	SKK	Spiralring, klein
147	D	Kelsterbach, Kr. Gr. Gerau	Dep. in Grab	Darmstadt	SKK	Kupferperle
148	D	Kelsterbach, Kr. Gr. Gerau	Dep. in Grab	Darmstadt	SKK	Spirale, hoch
149	D	Kelsterbach, Kr. Gr. Gerau	Dep. in Grab	Darmstadt	SKK	Spirale, niedrig
150	D	Kelsterbach, Kr. Gr. Gerau	Dep. in Grab	Darmstadt	SKK	Kupferperle
151	D	Kirch-Brombach, Brombachtal, Odenwaldkreis	Im Eichels, Einzf.	Michelstadt		Randleistenbeil, atypisch, trapezoid
152	D	Kirchheim u.T., Kr. Esslingen	Grab 1	Kirchheim, Heimatmus.		Armspirale mit 5 Wind. und eingerollten Enden
153	D	Kirchheim u.T., Kr. Esslingen	Grab 1	Kirchheim, Heimatmus.		Dolch, 4 Niete, verziert
154	D	Kirchheim u.T., Kr. Esslingen	Grab 3	Kirchheim, Heimatmus.		Dolch, 3 Niete
155	D	Kollstein, Kr. Parsberg	Einzf., aus Hügelgrab?	Regensburg A 646		Kugelkopfnadel mit verziertem Schaft
156	D	Kornwestheim Kr. Ludwigsburg	Einzf.	Stuttgart, WLM A 1078		Flachbeil, Typ?
157	D	Krappenhofen Kr.Parsberg	Grab?, wohl aus Grabhügeln	München, Stslg.		Kugelkopfnadel, schräg durchbohrt, verz.
158	D	Krumbach, Umgeb., Günzkreis	Depot	München, Stslg. 522		Spangenbarren
159	D	Krumbach, Umgeb., Günzkreis	Depot	München, Stslg. 522		Spangenbarren
160	D	Krumbach, Umgeb., Günzkreis	Depot	München, Stslg. 522		Spangenbarren
161	D	Krumbach, Umgeb., Günzkreis	Depot	München, Stslg. 522		Spangenbarren
162	D	Krumbach, Umgeb., Günzkreis	Depot	München, Stslg. 522		Spangenbarren
163	D	Langenau	Einzf.	Langenau, Heimatmus.		Kugelkopfnadel m. durchb. Kopf u. verz. Schaft
164	D	Langquaid, Kr. Kelheim	Depot	München, Stslg.		Nadel mit Plattenkopf
165	D	Langquaid, Kr. Kelheim	Depot	München, Stslg.		Nadel mit meißelförmigem Kopf
166	D	Langquaid, Kr. Kelheim	Depot	München, Stslg.		Randleistenbeil, Typ Langquaid
167	D	Langquaid, Kr. Kelheim	Depot	München, Stslg.		Randleistenbeil, Typ Langquaid
168	D	Langquaid, Kr. Kelheim	Depot	München, Stslg.		Lanzenspitze
169	D	Langquaid, Kr. Kelheim	Depot	München, Stslg.		Kugelkopfnadel mit tordiertem Schaft
170	D	Langquaid, Kr. Kelheim	Depot	München, Stslg.		Kugelkopfnadel mit tordiertem Schaft
171	D	Langquaid, Kr. Kelheim	Depot	München, Stslg.		Kugelkopfnadel mit tordiertem Schaft
172	D	Langquaid, Kr. Kelheim	Depot	München, Stslg.		Kugelkopfnadel mit tordiertem Schaft
173	D	Lauffen a. N., Kr. Heilbronn	Grab	Stuttgart, WLM A 35/20		Schleifennadel od. Horkheimer Nadel
174	D	Luckenpaint, Kr. Regensburg	HockerGrab	Regensburg A 1422	GBK	Griffzungendolch, klein
175	D	Ludwigsmoos Kr.Neuburg/Donau	Einzf.	München, Stslg. 3675		Stabdolchklinge
176	D	Tuttlingen-Ludwigstal, Kr.Tuttlingen	Grab	Stuttgart, WLM A 720		Halsring
177	D	Tuttlingen-Ludwigstal, Kr.Tuttlingen	Grab	Stuttgart, WLM A 720		Dreiarmnadel
178	D	Mainz	F.O.?	Worms 124c		Kugelkopfnadel
179	D	Manching, Kr. Ingolstadt	Grab 12	München, Stslg. 1958, 708		Rudernadel, verziert
180	D	Manching, Kr. Ingolstadt	Grab 11	München, Stslg. 1958, 710		Scheibennadel, verziert
181	D	Manching, Kr. Ingolstadt	Grab 7	München, Stslg. 1937, 219		Rollennadel mit elliptischer Kopfplatte
182	D	Mengen, Umgb., Kr. Sigmaringen	Dep. aus 12 Beilen	Stuttgart, WLM A 216b		Randleistenbeil, Typ Salez (2 An.)
183	D	Mengen, Umgb., Kr. Sigmaringen	Dep. aus 12 Beilen	Stuttgart, WLM A 216b		Randleistenbeil, Typ Salez (2 An.)
184	D	Mettenheim	Grab	München, Stslg. 1939/35	GBK	Pfriem
185	D	Piusheim, Gem. Baiern, Kr. Ebersberg	Dep. Menke Nr. 12	München, PStslg. 1916.1		Spangenbarren
186	D	Piusheim, Gem. Baiern, Kr. Ebersberg	Depot	München, PStslg. 1916.1		Spangenbarren
187	D	Piusheim, Gem. Baiern, Kr. Ebersberg	Depot	München, PStslg. 1916.1		Spangenbarren
188	D	Piusheim, Gem. Baiern, Kr. Ebersberg	Depot	München, PStslg. 1916.1		Spangenbarren
189	D	Piusheim, Gem. Baiern, Kr. Ebersberg	Depot	München, PStslg. 1916.1		Spangenbarren
190	D	Monsheim	aus Steintumuli	Worms 29		Dolch, 2 Niete
191	D	Monsheim	aus Steintumuli	Worms 29		Rollennadel mit geradem Schaft
192	D	Moosinning, Kr. Erding	Einzf.	München, Stslg. 1926/15	GBK?	Griffzungendolch, Spitze abgebr.
193	D	Mühlhausen Kr.Ebersberg	Depot	München, Stslg. H.V. 32-34		Ösenringbarren
194	D	Mühlhausen Kr.Ebersberg	Depot	München, Stslg. H.V. 32-34		Ösenringbarren
195	D	Mühlhausen Kr.Ebersberg	Depot	München, Stslg. H.V. 32-34		Ösenringbarren
196	D	München, 'Luitpoldpark'	Depot	München, Stslg. 1928:33		Spangenbarren
197	D	München, 'Luitpoldpark'	Depot	München, Stslg. 1928:33		Spangenbarren
198	D	München, 'Luitpoldpark'	Depot	München, Stslg. 1928:33		Spangenbarren
199	D	München, 'Luitpoldpark'	Depot	München, Stslg. 1928:33		Spangenbarren
200	D	München, 'Luitpoldpark'	Depot	München, Stslg. 1928:33		Spangenbarren
201	D	München, 'Luitpoldpark'	Depot	München, Stslg. 1928:33		Spangenbarren
202	D	München, 'Luitpoldpark'	Depot	München, Stslg. 1928:33		Spangenbarren
203	D	München, 'Luitpoldpark'	Depot	München, Stslg. 1928:33		Spangenbarren
204	D	München, 'Luitpoldpark'	Depot	München, Stslg. 1928:33		Spangenbarren
205	D	München, 'Luitpoldpark'	Depot	München, Stslg. 1928:33		Spangenbarren
206	D	München-Sendling	Offenb. Grab	Regensburg A 803a		Scheibennadel, verz., ruderförm. Kopfplatte
207	D	München-Sendling	Offenb. Grab	Regensburg A 803b		Scheibennadel, verz., runde Kopfplatte
208	D	München-Sendling	Offenb. Grab	Regensburg A 803c		Halbmondförmige Zierscheibe
209	D	München, 'Valleyplatz'	Grab	München, Stslg. 1919/67		Dolchklinge m. eingez. Griffplatte
210	D	München, 'Wolfratshauser Str.'	Wolfratshauser Str., Grab	München, Stslg. 1906/580 u. 641	GBK	Griffzungendolch
211	D	München, 'Wolfratshauser Str.'	Wolfratshauser Str., Grab	München, Stslg. 1906/641	GBK	Griffzungendolch
212	D	Nähermemmingen, Donau-Ries Kreis	Grab 4/6	Nördlingen 3018		Blechröhrchen
213	D	Nähermemmingen, Donau-Ries Kreis	Grab 5/2	Nördlingen		Spiralröllchen
214	D	Nähermemmingen, Donau-Ries Kreis	Grab 22	Nördlingen 5039		Armspirale, aus Ösenring gebogen
215	D	Nähermemmingen, Donau-Ries Kreis	Grab 16/2	Nördlingen 5028a		Armspirale, 2 Windungen, kl.
216	D	Nähermemmingen, Donau-Ries Kreis	Grab 22	Nördlingen 5038		Dolch, 3 Niete, verz.
217	D	Neukirchen	Depot	München, Stslg.		Ösenringbarren
218	D	Neukirchen	Depot	München, Stslg.		Ösenringbarren
219	D	Neukirchen	Depot	München, Stslg.		Ösenringbarren
220	D	Neukirchen	Depot	München, Stslg.		Ösenringbarren
221	D	Niedernfels, Gem. Grassau, Kr. Traunstein	Depot	München, Stslg. 1926.161		Zungenbarren
222	D	Niedernfels, Gem. Grassau, Kr. Traunstein	Depot	München, Stslg. 1926.161		Zungenbarren
223	D	Niedernfels, Gem. Grassau, Kr. Traunstein	Depot	München, Stslg. 1926.161		Zungenbarren
224	D	Niedernfels, Gem. Grassau, Kr. Traunstein	Depot	München, Stslg. 1926.161		Zungenbarren
225	D	Nieder-Ramstadt, Kr.Darmstadt	Einzf., Siedlung?	Niederramstadt, Slg.Politsch		Flachbeil, dicknackig, Form Nieder-Ramstadt (F7a)
226	D	Niederscheyern, Kr.Pfaffenhofen	Depot	München, Stslg. H.V. 50-69		Spangenbarren
227	D	Niederscheyern, Kr.Pfaffenhofen	Depot	München, Stslg. H.V. 50-69		Spangenbarren
228	D	Niederscheyern, Kr.Pfaffenhofen	Depot	München, Stslg. H.V. 50-69		Spangenbarren
229	D	Niederscheyern, Kr.Pfaffenhofen	Depot	München, Stslg. H.V. 50-69		Spangenbarren
230	D	Niederscheyern, Kr.Pfaffenhofen	Depot	München, Stslg. H.V. 50-69		Spangenbarren
231	D	Nürtingen-Hardt, Kr. Esslingen	Ulrichshöhle, Einzf.	Stuttgart, WLM		Randleistenbeil, Typ Langquaid II, Var. M
232	D	Nürtingen-Hardt, Kr. Esslingen	Ulrichshöhle, Einzf.	Stuttgart, WLM		Randleistenbeil, Typ Langquaid II, Var. M
233	D	Nürtingen-Hardt, Kr. Esslingen	Ulrichshöhle, Einzf.	Stuttgart, WLM		Randleistenbeil, Typ Langquaid II, Var. M
234	D	Nussdorf, Kr.Rosenheim	?	München, Stslg. 97/295		Dolch mit 4 Nieten
235	D	Oberwilflingen, Ostalbkreis	Depot	Stuttgart, WLM 50/5g		Gußbrocken
236	D	Oberwilflingen, Ostalbkreis	Depot	Stuttgart, WLM 50/5a		Absatzbeil
237	D	Oberwilflingen, Ostalbkreis	Depot	Stuttgart, WLM 50/5b		Absatzbeil
238	D	Oberwilflingen, Ostalbkreis	Depot	Stuttgart, WLM 50/5c		Absatzbeil
239	D	Oberwilflingen, Ostalbkreis	Depot	Stuttgart, WLM 50/5d		Gußbrocken
240	D	Oberwilflingen, Ostalbkreis	Depot	Stuttgart, WLM 50/5e		Gußbrocken
241	D	Oberwilflingen, Ostalbkreis	Depot	Stuttgart, WLM 50/5f		Gußbrocken
242	D	Oldesloe, Kr.Stormarn	Einzf. bei Poggensee	Privbes.		Knaufhammeraxt
243	D	Ostrach, Kr. Sigmaringen	Angebl. aus Grabhügel	Sigmaringen 1227		Rollennadel m. ellipt. Kopfplatte
244	D	Wallersdorf, Gem. Otzing, Kr. Deggendorf	Grab oder aus Gräbern	München, Stslg. 1905, 247		Ringkopfnadel
245	D	Wallersdorf, Gem. Otzing, Kr. Deggendorf	Grab, Fdst. 1	München, Stslg. 1905, 240		Dolch, 4 Niete, Seitenrillen
246	D	Wallersdorf, Gem. Otzing, Kr. Deggendorf	Grab, Fdst. 1	München, Stslg. 1905, 241		Ösenhalsring
247	D	Pleitmannswang, Kr.Fürst.F.Br.	Depot	München, Stslg. 1935 a+b;1936;1937		Ösenringbarren, groß
248	D	Pleitmannswang, Kr.Fürst.F.Br.	Depot	München, Stslg. 1935 a+b;1936;1937		Ösenringbarren, groß
249	D	Pleitmannswang, Kr.Fürst.F.Br.	Depot	München, Stslg. 1935 a+b;1936;1937		Ösenringbarren, groß
250	D	Pleitmannswang, Kr.Fürst.F.Br.	Depot	München, Stslg. 1935 a+b;1936;1937		Ösenringbarren, groß
251	D	Ravensburg	Depot	Stuttgart, WLM 7274b		Spirale
252	D	Ravensburg	Depot	Stuttgart, WLM 7274b		Randleistenbeil, Typ Salez (3 An.)
253	D	Ravensburg	Depot	Stuttgart, WLM 7274b		Randleistenbeil, Typ Salez (3 An.)
254	D	Ravensburg	Depot	Stuttgart, WLM 7274b		Randleistenbeil, Typ Salez (3 An.)
255	D	Reusten, Kr.Tübingen	Siedl.	Slg. Tübingen		Pfriem
256	D	Reut, Kr.Laufen	Depot	München, Stslg. H.V.43		Ösenringbarren
257	D	Reut, Kr.Laufen	Depot	München, Stslg. H.V.38		Ösenringbarren
258	D	Reut, Kr.Laufen	Depot	München, Stslg. H.V.44		Ösenringbarren
259	D	Reut, Kr.Laufen	Depot	München, Stslg. H.V.37		Ösenringbarren
260	D	Reut, Kr.Laufen	Depot	München, Stslg. H.V.42		Ösenringbarren
261	CH	Rheinfelden-Nollingen, Kt. Aargau	Einzf. im Altrheinbett	Karlsruhe C7498		Randleistenbeil, Typ Herbrechtingen, Var. B
262	D	Ronsolden	Wohl aus Grabhügel	Regensburg		Schleifennadel, cyprisch
263	D	Roth, Kr.Laufen	Depot	München, Stslg. 1904, 191		Ösenringbarren
264	D	Roth, Kr.Laufen	Depot	München, Stslg. 1904, 191		Ösenringbarren
265	D	Roth, Kr.Laufen	Depot	München, Stslg. 1904, 191		Ösenringbarren
266	D	Roth, Kr.Laufen	Depot	München, Stslg. 1904, 191		Ösenringbarren
267	D	Roth, Kr.Laufen	Depot	München, Stslg. 1904, 191		Ösenringbarren
268	D	Rottenburg, Kr. Tübingen	Depot?	Slg. Rottenburg		Randleistenbeil, fragm., Einzelform
269	D	Rottenburg, Kr. Tübingen	Depot?	Slg. Rottenburg		Dolchklinge, 6 Niete, Mittelrippe
270	D	Rottenburg, Kr. Tübingen	Depot?	Slg. Rottenburg		Niet von Dolch 269
271	D	Rottenburg, Kr. Tübingen	Depot?	Slg. Rottenburg		Ösenhalsring
272	D	Rottenburg, Kr. Tübingen	Depot?	Slg. Rottenburg		Ösenhalsring
273	D	Rottweil	Einzf.	Stuttgart, WLM A 33/88		Randleistenbeil, Typ Salez (3 An.)
274	D	Rottweil	Einzf.	Stuttgart, WLM A 33/88		Randleistenbeil, Typ Salez (3 An.)
275	D	Rottweil	Einzf.	Stuttgart, WLM A 33/88		Randleistenbeil, Typ Salez (3 An.)
276	D	Safferstetten, Kr. Grießbach	Grab 1	München, Stslg. 1913/366	GBK	Dolch, 5 Niete, Glockenbecher?
277	D	Schabenberg, Gem. Sulzbach	Depot	München, Stslg. 1938/5		Spangenbarren
278	D	Schabenberg, Gem. Sulzbach	Depot	München, Stslg. 1938/5		Spangenbarren
279	D	Schabenberg, Gem. Sulzbach	Depot	München, Stslg. 1938/5		Spangenbarren
280	D	Schabenberg, Gem. Sulzbach	Depot	München, Stslg. 1938/5		Spangenbarren
281	D	Schabenberg, Gem. Sulzbach	Depot	München, Stslg. 1938/5		Spangenbarren
282	D	Scharnhausen, Kr. Esslingen	Einzf.	Stuttgart, WLM A 251		Randleistenbeil, löffelförmig, Typ Lausanne I,B
283	D	Schleswig-Holstein	?	Kiel, Univ.Slg.		Schwertblatt
284	D	Bad Schussenried, Kr. Biberach	Dep. Lissen II, Moorfund, urspr. 3 Ö`Ringe	Stuttgart, WLM A 3121		Ösenringbarren
285	D	Bad Schussenried, Kr. Biberach	Dep. Lissen I, Moorfund	Stuttgart, WLM A 3120		Ösenringbarren, Ring v. Halsringkragen
286	D	Bad Schussenried, Kr. Biberach	Dep., Lissen I, Moorfund	Stuttgart, WLM A 3120		Ösenringbarren, Ring v. Halsringkragen
287	D	Bad Schussenried, Kr. Biberach	Dep. Lissen I, Moorfund	Stuttgart, WLM A 3120		Ösenringbarren, Ring v. Halsringkragen
288	D	Schwabstedt	Grab	Privbes.		Flachbeil
289	D	Schwörzkirch, Gem. Allmendingen, Alb-Donau-Kreis	aus Gräbern	Stuttgart, WLM 10329		Ösenhalsring
290	D	Schwörzkirch, Gem. Allmendingen, Alb-Donau-Kreis	Grab	Tübingen		Blechtutulus
291	D	Schwörzkirch, Gem. Allmendingen, Alb-Donau-Kreis	Grab	Tübingen		Blechtutulus
292	D	Schwörzkirch, Gem. Allmendingen, Alb-Donau-Kreis	Grab	Tübingen		Röhrchen, verziert
293	D	Schwörzkirch, Gem. Allmendingen, Alb-Donau-Kreis	Grab	Tübingen		Nadel m. ellipt. Kopfplatte u. ger. Schaft
294	D	Schwörzkirch, Gem. Allmendingen, Alb-Donau-Kreis	Grab	Tübingen		Ösenhalsring
295	D	Schwörzkirch, Gem. Allmendingen, Alb-Donau-Kreis	Grab	Stuttgart, WLM A 33/162a		Spirale
296	D	Schwörzkirch, Gem. Allmendingen, Alb-Donau-Kreis	Grab	Stuttgart, WLM A 33/162b		Spirale
297	D	Seefelden	Depot	Freiburg i.Br. 211		Spirale
298	D	Seefelden	Depot	Freiburg i.Br. 209		Spirale
299	D	Seefelden	Depot	Freiburg i.Br. 210		Spirale
300	D	Seefelden	Depot	Freiburg i.Br. 212		Spirale
301	D	Seefelden	Depot	Freiburg i.Br. 208		Ösenringbarren
302	D	Sengkofen, Kr. Regensburg	aus Gräbern	Regensburg A 824		Randleistenbeil, löffelförmig, vgl. Typ Lausanne
303	D	Sengkofen, Kr. Regensburg	aus Gräbern	Regensburg A 827		Armring mit Spitzenden
304	D	Sengkofen, Kr. Regensburg	aus Gräbern	Regensburg A 829		Kugelkopfnadel m. verz. Kopf u. Hals
305	D	Sengkofen, Kr. Regensburg	aus Gräbern	Regensburg A 823		Randleistenbeil, löffelförmig, vgl. Typ Lausanne
306	D	Sengkofen, Kr. Regensburg	aus Gräbern	Regensburg		Spiraltutulus
307	D	Sengkofen, Kr. Regensburg	aus Gräbern	Regensburg		Ringhalskragen (3 Analysen versch. Ringe)
308	D	Sengkofen, Kr. Regensburg	aus Gräbern	Regensburg		Ringhalskragen (3 Analysen versch. Ringe)
309	D	Sengkofen, Kr. Regensburg	aus Gräbern	Regensburg		Ringhalskragen (3 Analysen versch. Ringe)
310	D	Sengkofen, Kr. Regensburg	aus Gräbern	Regensburg		Spiraltutulus mit abgebrochener Spitze
311	D	Singen a. Hohentwiel, Kr. Konstanz	Grab 95	Singen		Dolch, 3 Niete
312	D	Singen a. Hohentwiel, Kr. Konstanz	Grab 98	Singen		Scheibennadel m. ellipt. Kopfplatte
313	D	Singen a. Hohentwiel, Kr. Konstanz	Grab 92	Singen		Schleifennadel, Horkheimer Nadel
314	D	Singen a. Hohentwiel, Kr. Konstanz	Grab 92	Singen		Armspirale mit eingerollten Enden
315	D	Singen a. Hohentwiel, Kr. Konstanz	Grab 96	Singen		Ösenhalsring
316	D	Singen a. Hohentwiel, Kr. Konstanz	Grab 96	Singen		Schleifennadel, Horkheimer Nadel
317	D	Singen a. Hohentwiel, Kr. Konstanz	Grab 96	Singen		Halbmondförmige Zierscheibe
318	D	Singen a. Hohentwiel, Kr. Konstanz	Grab 96	Singen		Armspirale
319	D	Singen a. Hohentwiel, Kr. Konstanz	Grab 84	Singen		Dolch, 4 Niete, atlant. Dolch
320	D	Singen a. Hohentwiel, Kr. Konstanz	Grab 84	Singen		Niet der verz. Dolchklinge (SAMNR 319)
321	D	Singen a. Hohentwiel, Kr. Konstanz	Grab 79	Singen		Schleifennadel, Horkheimer Nadel
322	D	Singen a. Hohentwiel, Kr. Konstanz	Grab 80	Singen		Ösenhalsring
323	D	Singen a. Hohentwiel, Kr. Konstanz	Grab 80	Singen		Fußspirale
324	D	Singen a. Hohentwiel, Kr. Konstanz	Grab 80	Singen		Fußspirale
325	D	Singen a. Hohentwiel, Kr. Konstanz	Grab 80	Singen		Rudernadel, verziert
326	D	Singen a. Hohentwiel, Kr. Konstanz	Grab 83	Singen		Ösenhalsring
327	D	Singen a. Hohentwiel, Kr. Konstanz	Grab 83	Singen		Pfriem mit Mittelschwellung
328	D	Singen a. Hohentwiel, Kr. Konstanz	Grab 83	Singen		Schleifennadel, Horkheimer Nadel
329	D	Singen a. Hohentwiel, Kr. Konstanz	Grab 83	Singen		Armspirale
330	D	Singen a. Hohentwiel, Kr. Konstanz	Grab 87	Singen		Armspirale
331	D	Singen a. Hohentwiel, Kr. Konstanz	Grab 87	Singen		Scheibennadel, kl., eingerollte, ruderf. Kopfplatt
332	D	Singen a. Hohentwiel, Kr. Konstanz	Grab 77	Singen		Dolch, 3 Niete, eingez. Griffpl.
333	D	Singen a. Hohentwiel, Kr. Konstanz	Grab 77	Singen		Armspirale
334	D	Singen a. Hohentwiel, Kr. Konstanz	Grab 82	Singen		Spiralring mit eingerollten Enden
335	D	Singen a. Hohentwiel, Kr. Konstanz	Grab 82	Singen		Pfriem mit Mittelschwellung
336	D	Singen a. Hohentwiel, Kr. Konstanz	Grab 85	Singen		Spirale
337	D	Singen a. Hohentwiel, Kr. Konstanz	Grab 78	Singen		Ösenhalsring
338	D	Singen a. Hohentwiel, Kr. Konstanz	Grab 51	Singen		Ösenhalsring
339	D	Singen a. Hohentwiel, Kr. Konstanz	Grab 51	Singen		Schleifennadel, Horkheimer Nadel
340	D	Singen a. Hohentwiel, Kr. Konstanz	Grab 51	Singen		Spirale
341	D	Singen a. Hohentwiel, Kr. Konstanz	Grab 73	Singen		Dolch, kl., 5 Niete
342	D	Singen a. Hohentwiel, Kr. Konstanz	Grab 73	Singen		Armspirale
343	D	Singen a. Hohentwiel, Kr. Konstanz	Grab 63	Singen		Dolch, 4 Niete, eingez., halbrunde Griffplatte
344	D	Singen a. Hohentwiel, Kr. Konstanz	Grab 63	Singen		Blechtutulus
345	D	Singen a. Hohentwiel, Kr. Konstanz	Grab 74	Singen		Ringbruchstück
346	D	Singen a. Hohentwiel, Kr. Konstanz	Grab 75	Singen		Dolch, kl., 3 Niete
347	D	Singen a. Hohentwiel, Kr. Konstanz	Grab 69	Singen		Dolch, groß, 5 Niete, verz.
348	D	Singen a. Hohentwiel, Kr. Konstanz	Grab 58	Singen		Scheibennadel, kl., Platte korrodiert
349	D	Singen a. Hohentwiel, Kr. Konstanz	Grab 67	Singen		Dolch mit Heftzunge, 6 Niete, atlant. Dolch
350	D	Singen a. Hohentwiel, Kr. Konstanz	Grab 67	Singen		Niet von atlant. Dolch
351	D	Singen a. Hohentwiel, Kr. Konstanz	Grab 66	Singen		Scheibennadel, kl., eingerollte Kopfplatte
352	D	Singen a. Hohentwiel, Kr. Konstanz	Grab 33	Singen		Dolch, 5 Niete, verz.
353	D	Singen a. Hohentwiel, Kr. Konstanz	Grab 65	Singen		Pfriem mit Mittelschwellung
354	D	Singen a. Hohentwiel, Kr. Konstanz	Grab 65	Singen		Dolch, kl., 3 Niete
355	D	Singen a. Hohentwiel, Kr. Konstanz	Grab 65	Singen		Spirale
356	D	Singen a. Hohentwiel, Kr. Konstanz	Grab 65	Singen		Rudernadel, groß, verziert
357	D	Staudham	Depot	München, Stslg. H.V.2230		Zungenbarren
358	D	Staudham	Depot	München, Stslg. H.V.2230		Zungenbarren
359	D	Staudham	Depot	München, Stslg. H.V.2230		Zungenbarren
360	D	Staudham	Depot	München, Stslg. H.V.2230		Zungenbarren
361	D	Staudham	Depot	München, Stslg. H.V.2230		Zungenbarren
362	D	Steinfurth, Stadt Bad Nauheim, Wetteraukreis	Einzf.	Darmstadt 1950:115		Flachbeil, dünnackig, trapezf., Form Erpolzheim
363	D	Straubing, 'Alburger Hochweg'	Depot	Straubing 1229-1246		Ösenhalsring
364	D	Straubing, 'Alburger Hochweg'	Depot	Straubing 1229-1246		Ösenhalsring
365	D	Straubing, 'Alburger Hochweg'	Depot	Straubing 1229-1246		Ösenhalsring
366	D	Straubing, 'Alburger Hochweg'	Depot	Straubing 1229-1246		Rollennadel m. ellipt. Kopfplatte
367	D	Straubing, 'Alburger Hochweg'	Depot	Straubing 1229-1246		Rollennadel m. ellipt. Kopfplatte
368	D	Straubing, 'Alburger Hochweg'	Depot	Straubing 1229-1246		Rollennadel m. ellipt. Kopfplatte
369	D	Straubing, 'Alburger Hochweg'	Depot	Straubing 1229-1246		Rollennadel m. ellipt. Kopfplatte
370	D	Straubing, 'Alburger Hochweg'	Depot	Straubing 1229-1246		Rollennadel m. ellipt. Kopfplatte
371	D	Straubing, 'Alburger Hochweg'	Depot	Straubing 1229-1246		Schmuckscheibe
372	D	Straubing, 'Alburger Hochweg'	Depot	Straubing 1229-1246		Spiralring
373	D	Straubing, 'Alburger Hochweg'	Depot	Straubing 1229-1246		Spiralröhrchen
374	D	Straubing, 'Jungmeier'	Depot	Straubing 1799		Ösenringbarren
375	D	Straubing, 'Jungmeier'	Depot	Straubing 1799		Ösenringbarren
376	D	Straubing, 'Jungmeier'	Depot	Straubing 1799		Ösenringbarren
377	D	Straubing, 'Jungmeier'	Depot	Straubing 1799		Ösenringbarren
378	D	Straubing, 'Jungmeier'	Depot	Straubing 1799		Ösenringbarren
379	D	Straubing, 'Jungmeier'	Depot	Straubing 1799		Ösenringbarren
380	D	Straubing, 'Jungmeier'	Depot	Straubing 1799		Ösenringbarren
381	D	Straubing, 'Jungmeier'	Depot	Straubing 1799		Ösenringbarren
382	D	Straubing, 'Jungmeier'	Depot	Straubing 1799		Ösenringbarren
383	D	Straubing, 'Jungmeier'	Depot	Straubing 1799		Ösenringbarren
384	D	Straubing, 'Jungmeier'	Grab 2	Straubing 2101-2222		Schleifennadel mit ellipt. Kopfplatte
385	D	Straubing, 'Jungmeier'	Grab 8	Straubing 2101-2222		Rollennadel
386	D	Straubing, 'Jungmeier'	Grab 8	Straubing 2101-2222		Dolchklinge mit eingez. Griffplatte
387	D	Straubing, 'Jungmeier'	Grab 10	Straubing 2101-2222		Schleifennadel mit ellipt. Kopfplatte
388	D	Straubing, 'Jungmeier'	Grab 17	Straubing 2101-2222		Schleifennadel, cyprisch
389	D	Straubing, 'Jungmeier'	Grab 17	Straubing 2101-2222		Armstulpe
390	D	Straubing, 'Jungmeier'	Grab 19	Straubing 2101-2222		Ösenkopfnadel
391	D	Straubing, 'Jungmeier'	Grab 20	Straubing 2101-2222		Schleifennadel m. ellipt. Kopfplatte
392	D	Straubing, 'Jungmeier'	Grab 20	Straubing 2101-2222		Ösenhalsring
393	D	Straubing, 'Jungmeier'	Grab 20	Straubing 2101-2222		Spiraltutulus
394	D	Straubing, 'Jungmeier'	Grab 22	Straubing 2101-2222		Noppenring
395	D	Straubing, 'Jungmeier'	Grab 23	Straubing 2101-2222		Ösenhalsring
396	D	Straubing, 'Jungmeier'	Grab 27	Straubing 2101-2222		Scheibennadel, verz.
397	D	Straubing, 'Jungmeier'	Grab 28	Straubing 2101-2222		Dolch
398	D	Straubing, 'Jungmeier'	Grab 29	Straubing 2101-2222		Dolch
399	D	Straubing, 'Heerstr.'	Grab oder Dep.	Straubing		Kugelkopfnadel
400	D	Mariaposching, Kr. Straubing-Bogen	Depot	Straubing 1217		Spangenbarren
401	D	Mariaposching, Kr. Straubing-Bogen	Depot	Straubing 1217		Spangenbarren
402	D	Mariaposching, Kr. Straubing-Bogen	Depot	Straubing 1217		Spangenbarren
403	D	Straubing, 'Ortler'	Grab 1	Straubing 1181-1200		Zierscheibe
404	D	Straubing, 'Ortler'	Grab 1	Straubing 1181-1200		Blechröhrchen
405	D	Straubing, 'Ortler'	Grab 1	Straubing 1181-1200		Spiraltutulus
406	D	Straubing, 'Ortler'	Grab 1	Straubing 1181-1200		Noppenring
407	D	Straubing, 'Ortler'	Grab 1	Straubing 1181-1200		Spiralrolle
408	D	Straubing, 'Ortler'	Grab 1	Straubing 1181-1200		Scheibennadel m. ellipt. Kopfplatte
409	D	Straubing, 'Ortler'	Grab 2	Straubing 1181-1200		Ösenhalsring
410	D	Straubing, 'Ortler'	Grab 2	Straubing 1181-1200		Blechröhrchen
411	D	Straubing, 'Ortler'	Grab 6	Straubing 1181-1200		Ösenhalsring
412	D	Straubing, 'Ortler'	Grab 6	Straubing 1181-1200		Spiraltutulus
413	D	Straubing, 'Ortler'	Grab 6	Straubing 1181-1200		Blechröhrchen
414	D	Straubing, 'Ortler'	Grab 12	Straubing 1181-1200		Ösenhalsring, Fragment
415	D	Straubing, 'Ortler'	Grab 12	Straubing 1181-1200		Rollennadel m. ellipt. Kopfplatte
416	D	Straubing, 'Ortler'	Grab 12	Straubing 1181-1200		Noppenring
417	D	Straubing, 'Ortler'	Grab 12	Straubing 1181-1200		Zierscheibe
418	D	Straubing, 'Ortler'	Grab 12	Straubing 1181-1200		Blechtutulus
419	D	Straubing, 'Ortler'	Grab 13	Straubing 1181-1200		Ösenhalsring
420	D	Straubing, 'Ortler'	Grab 13	Straubing 1181-1200		Rollennadel
421	D	Straubing, 'Ortler'	Grab 13	Straubing 1181-1200		Rollennadel m. ellipt. Kopfplatte
422	D	Straubing, 'Ortler'	Grab 14	Straubing 1181-1200		Dolchklinge, klein, 2 Niete
423	D	Straubing, 'Ortler'	Grab 14	Straubing 1181-1200		Pfriem mit Mittelschwellung
424	D	Straubing, 'Ortler'	Grab 16	Straubing 1181-1200		Ösenhalsring mit umwickelten Enden
425	D	Straubing, 'Ortler'	Grab 16	Straubing 1181-1200		Bronzeröhrchen
426	D	Straubing, 'Ortler'	Grab 16	Straubing 1181-1200		Spiraltutulus
427	D	Straubing, 'Ortler'	Grab 17	Straubing 1181-1200		Armring mit Spitzenden
428	D	Straubing, 'Ortler'	Grab 17	Straubing 1181-1200		Ösenkopfnadel
429	D	Straubing, 'Ortler'	Grab 19	Straubing 1181-1200		Dolchklinge
430	D	Salching, Kr. Straubing-Bogen	Depot	Straubing 1222		Ösenringbarren
431	D	Salching, Kr. Straubing-Bogen	Depot	Straubing 1222		Ösenringbarren
432	D	Salching, Kr. Straubing-Bogen	Depot	Straubing 1222		Ösenringbarren
433	D	Salching, Kr. Straubing-Bogen	Depot	Straubing 1222		Ösenringbarren
434	D	Salching, Kr. Straubing-Bogen	Depot	Straubing 1222		Ösenringbarren
435	D	Schambach, Kr. Straubing	Grab	Straubing 1223-28		Ösenhalsring
436	D	Schambach, Kr. Straubing	Grab	Straubing 1223-28		Scheibenkopfnadel, verz.
437	D	Schambach, Kr. Straubing	Grab	Straubing 1223-28		Scheibennadel, verz.
438	D	Schambach, Kr. Straubing	Grab	Straubing 1223-28		Blechröhrchen
439	D	Unterwössen, Kr. Traunstein	Dep. II	München, Stslg. H.V. 36		Ösenringbarren
440	D	Vaihingen, Kr. Ludwigsburg	Depot	Stuttgart, WLM 2267a		Randleistenbeil, Typ Langquaid II, Var. D
441	D	Vaihingen, Kr. Ludwigsburg	Depot	Stuttgart, WLM 2267b		Randleistenbeil, Typ Langquaid, Var. D
442	D	Vaihingen, Kr. Ludwigsburg	Depot	Stuttgart, WLM 2267c		Randleistenbeil, Typ Langquaid, Var. D
443	D	Vaihingen, Kr. Ludwigsburg	Depot	Stuttgart, WLM 2267d		Randleistenbeil, Typ Langquaid, Var. D
444	D	Vaihingen, Kr. Ludwigsburg	Depot	Stuttgart, WLM 2267e		Randleistenbeil, Typ Langquaid, Var. D
445	D	Veringenstadt, Kr. Sigmaringen	Grab 2	Tübingen, LDA		Blechtutulus
446	D	Veringenstadt, Kr. Sigmaringen	HockerGrab in Steinpackung	Tübingen, LDA		Armspirale mit 4 Windungen
447	D	Waging, Kr. Traunstein	Dep. 1902	München, Stslg. 13/1		Spangenbarren
448	D	Waging, Kr. Traunstein	Dep. 1902	München, Stslg. 13/1		Spangenbarren
449	D	Waging, Kr. Traunstein	Dep. 1902	München, Stslg. 13/1		Spangenbarren
450	D	Waging, Kr. Traunstein	Dep. 1902	München, Stslg. 13/1		Spangenbarren
451	D	Waging, Kr. Traunstein	Dep. 1902	München, Stslg. 13/1		Spangenbarren
452	D	Waging, Kr. Traunstein	Dep. 1902	München, Stslg. 13/1		Spangenbarren
453	D	Waging, Kr. Traunstein	Dep. 1902	München, Stslg. 13/1		Spangenbarren
454	D	Waging, Kr. Traunstein	Dep. 1902	München, Stslg. 13/1		Spangenbarren
455	D	Waging, Kr. Traunstein	Dep. 1902	München, Stslg. 13/1		Spangenbarren
456	D	Waging, Kr. Traunstein	Dep. 1902	München, Stslg. 13/1		Spangenbarren
457	D	Waldhölzbach (Saarland)	?	Saarbrücken		Spangenbarren
458	D	Weiler Haid, Kr. Reutlingen	Grabhügelfund	Stuttgart, WLM A 1163		Dreiarmnadel mit durchbohrtem Hals
459	D	Weiler Haid, Kr. Reutlingen	Grabhügelfund	Stuttgart, WLM A 1163		Dreiarmnadel
460	D	Weillohe, Gem. Thalmassing, Kr. Regensburg	aus verschleiftem Grabhügel?	Regensburg A 730		Kugelkopfnadel, großer Kopf, Schaft gerieft
461	D	Weillohe, Gem. Thalmassing, Kr. Regensburg	aus verschleiftem Grabhügel?	Regensburg A 730		Kugelkopfnadel, kl. Kopf, Schaft leicht gewellt
462	D	Worms, 'Weinsheimer Zollhaus'	Grabfund?	Worms 28		Dolchklinge m. 2 Nieten u. eingez. Griffans.
463	D	Worms, 'Weinsheimer Zollhaus'	Grabfund?	Worms 557		Rollennadel mit säbelförmigem Schaft
464	D	Welbsleben, Kr. Hettst.b.Halle	Depot	Privbes.		Kopfstück
465	D	Welbsleben, Kr. Hettst.b.Halle	Depot	Privbes.		Schaft
466	D	Welbsleben, Kr. Hettst.b.Halle	Depot	Privbes.		Überfanggußmaterial Dolchstab (3 An.)
467	D	Welbsleben, Kr. Hettst.b.Halle	Depot	Privbes.		Knauf
468	D	Welbsleben, Kr. Hettst.b.Halle	Depot	Privbes.		Schaft
469	D	Welbsleben, Kr. Hettst.b.Halle	Depot	Privbes.		Klinge
470	D	Welbsleben, Kr. Hettst.b.Halle	Depot	Privbes.		Stabdolchklinge
471	D	Welschingen, Kr.Konstanz	Einzelf.?	Donaueschingen Do 608		Ösenkopfnadel
472	D	Westhofen, Kr. Worms	Grab 4	Worms 14a		Rollennadel mit trapezf. Kopfplatte
473	D	Westhofen, Kr. Worms	Grab 20	Worms 15c		Pfriem mit Mittelschwellung
474	D	Wiechs, Gem. Götting, Kr. Bad Aibling	Grab	München, Stslg. 1943, 3		Kugelkopfnadel
475	D	Wiechs, Gem. Götting, Kr. Bad Aibling	Grab	München, Stslg. 1943, 3		Kugelkopfnadel
476	D	Wiechs, Gem. Götting, Kr. Bad Aibling	Grab	München, Stslg. 1943, 3		Kegelförmige Spirale
477	D	Wiechs, Gem. Götting, Kr. Bad Aibling	Grab	München, Stslg. 1943, 3		Spiralröhrchen
478	D	Wiesloch, Rhein-Neckar-Kreis	aus Grab?	Heidelberg		Dolch mit 9 Nietlöchern
479	D	Zimmern unter Burg, Zollernalbkr.	Einzelfund	Rottweil 9		Doppelaxt Typ Zabitz
480	D	Zipfen im Odenwald	?	Darmstadt 1950:114		Flachbeil
481	F	Bouisset, Dolmen de, Dép.Herault	MegalithGrab	Tréviers, Slg.Arnal		Kupferperle, massiv
482	F	Fontvieille, Dép.Bouches-du-Rhone	Grotte de Bounias Steinkiste unt.Bodenn.	Arles	SKK	Griffzungendolch, sehr lang. m. Hohlkehlen
483	F	Boun Marcou, Dép.Aude	MegalithGrab m. 2 getr.Fundsch.	Narbonne		Schmuckscheibe, konkav, Innens. getreppt
484	F	Corbières, Dép. Aude	Einzf.	Narbonne		Flachbeil als Querbeil benutzt
485	F	Eygalières, Dép. Bouches-du-Rhone	Tombe A.Menier	Arles, Slg.Latour		Blech
486	F	Eygalières, Dép. Bouches-du-Rhone	Tombe A.Menier	Arles, Slg.Latour		0
490	F	Fontbouisse, Dép. Gard	Siedl.	Nîmes		Gußstück, kegelförmig
491	F	Fontbouisse, Dép. Gard	Siedl.	Nîmes		Pfriem, querschnitt quadratisch
492	F	Fontbouisse, Dép. Gard	Siedl.	Nîmes	SKK	Griffzungendolch, flach
493	F	Fontbouisse, Dép. Gard	Siedl.	Nîmes		Dolch, schmal, seitlich Kerben
494	F	Fournes II, Dép.Hérault	Allée couverte	Tréviers, Slg.Arnal		Pfriem mit rhombischer Mittelschwellung
495	F	La Source,Grotte de, Dép.B-du-Rhone	Steinkiste unter Bodenniveau	Arles		Kupferperle, doppeltkonisch
496	F	Lamalou, Dolmen de, Dép.Hérault	MegalithGrab	Tréviers, Slg.Arnal		Perle, doppeltkonisch
497	F	Lamalou, Dolmen de, Dép.Hérault	MegalithGrab	Tréviers, Slg.Arnal		Pfriem
498	F	Lamalou, Dolmen de, Dép.Hérault	MegalithGrab	Tréviers, Slg.Arnal		Perle, doppelkonisch
499	F	Lannion, Dép.Finistère	Grabhügel	Groningen, Arch.Biol.Inst. 1939/19		Flachbeil
500	F	Lannion, Dép.Finistère	Grabhügel	Groningen, Arch.Biol.Inst. 1939/16		Dolch mit Mittelrippe
501	F	Lannion, Dép.Finistère	Grabhügel	Groningen, Arch.Biol.Inst. 1939/17		Dolch ohne Griffzunge
502	F	Lannion, Dép.Finistère	Grabhügel	Groningen, Arch.Biol.Inst. 1939/12		Dolch m. rudimentärer Griffzunge verz.
503	F	Macassargues, Dép.Gard	Höhle	Nîmes		Kupferperle, geschweift, doppeltkonisch
504	F	Macassargues, Dép.Gard	Höhle	Nîmes		Pfriem
505	F	Macassargues, Dép.Gard	Höhle	Nîmes		Pfriem, sehr lang
507	F	Mailhac, Dép. Aude	aus der unteren Schicht.Höhle,2 getrennte Fundsch.	Mailhac, Slg.Taffanel		Pfriem m. Mittelschwellung
510	F	Montou, Dép.Pyrénées-Orientales	Natürliche Höhle mit verschiedenen Schichten	Perpignan-Corbières, Slg.P.Ponisch		Randleistenbeil
511	F	Montou, Dép.Pyrénées-Orientales	Natürliche Höhle mit verschiedenen Schichten	Perpignan-Corbières, Slg.P.Ponisch		Pfriem
515	F	Narbonne, Umgeb.	Einzf.	Narbonne		Flachbeil
516	F	Pâques, Grotte de, Dép.Gard	Natürliche Höhle mit mehreren Schichten	Nîmes		Dolch mit 4 Nieten, verziert
518	F	En Quissé, La Grotte d' Dép. Gard	Höhle m. Grab	Nîmes		Flachbeil als Querbeil benutzt
519	F	En Quissé, La Grotte d' Dép. Gard	Höhle m. Grab	Nîmes		Kupferperle, doppeltkonisch
520	F	En Quissé, La Grotte d' Dép. Gard	Höhle m. Grab	Nîmes		Kupferperle Doppeltkonisch
521	F	En Quissé, La Grotte d' Dép. Gard	Höhle m. Grab	Nîmes		Perle, dopp. kon., 2 anhäng. tropff. Perlen
522	F	Rascassols, Dolmen de, Dép.Gard	MegalithGrab	Nîmes		Blechstück, dolchförmig
523	F	Torte, Rivière, Dép. Hérault	MegalithGrab	Tréviers, Slg.Arnal		Kugelkopfnadel
524	F	Rouquette, Grotte de la, Dép. Gard	Höhle	Nîmes		Pfriem
525	F	Rouquette, Grotte de la, Dép. Gard	Höhle	Nîmes		Pfriem
526	F	Rouquette, Grotte de la, Dép. Gard	Höhle	Nîmes		Perle doppeltkonisch, facettiert
527	F	Rouquette, Grotte de la, Dép. Gard	Höhle	Nîmes		Perle, walzenförmig, m. Mittelschwellung
528	F	Rouquette, Grotte de la, Dép. Gard	Höhle	Nîmes		Perle, doppeltkonisch, facettiert
529	F	Rouquette, Grotte de la, Dép. Gard	Höhle	Nîmes		Perle, gestreckt doppk. und facettiert
530	F	Rouquette, Grotte de la, Dép. Gard	Höhle	Nîmes		Flachbeil
531	F	Rouquette, Grotte de la, Dép. Gard	Höhle	Nîmes		Scheibe, gegossen mit Mittelbohrung
532	F	Rouquette, Grotte de la, Dép. Gard	Höhle	Nîmes		Perle, tropfenförmig
533	F	St-Gervais-les-Bagnols, Dép.Gard	MegalithGrab	Nîmes		Kugelkopfnadel
534	F	St-Gervais-les-Bagnols, Dép.Gard	MegalithGrab	Nîmes		Pfriem mit Mittelschwellung
535	F	St-Gervais-les-Bagnols, Dép.Gard	MegalithGrab	Nîmes		Pfriem mit Mittelschwellung
536	F	St-Hippolyte-du-Fort, Dép.Gard	Höhle?	Nîmes		Perle, plump, doppeltkonisch
537	F	St-Hippolyte-du-Fort, Dép.Gard	Höhle?	Nîmes		Perle, doppeltkonisch
538	F	St-Nicolas, Dép.Gard	Höhle	Nîmes		Perle, diskusförmig
539	F	La Cadière, Dép. Gard	Vesson, Abris sous Roche	Nîmes		Gußstücke, Form unbestimmt, Metallstück
540	F	Vesson, Dép.Gard	Abri sous Roche	Nîmes		Pfriem
541	F	Vesson, Dép.Gard	Abri sous Roche	Nîmes		Spiralring
542	F	Villemagne, Dép. Aude	Einzelfund	Narbonne		Flachbeil
543	GR	Robine Atike	Einzf.	?		Armreif
544	I	Abini, Sardinien	Depot	Cagliari		Gußkuchen
545	I	Abini, Sardinien	Depot	Cagliari		Gußkuchen
546	I	Abini, Sardinien	Depot	Cagliari		Gußkuchen
547	I	Abini, Sardinien	Depot	Cagliari		Gußkuchen
548	I	Abini, Sardinien	Depot	Cagliari		Gußkuchen
549	I	Abini, Sardinien	Depot	Cagliari		Gußkuchen
550	I	Abini, Sardinien	Depot	Cagliari		Pfeilspitze mit Stiel
551	I	Abini, Sardinien	Depot	Cagliari		Pfeilspitze mit Stiel
552	I	Abini, Sardinien	Depot	Cagliari		Gußkuchen
553	I	Abini, Sardinien	Depot	Cagliari		Gußkuchen
554	I	Abini, Sardinien	Depot	Cagliari		Gußkuchen
555	I	Abini, Sardinien	Depot	Cagliari		Gußkuchen
556	I	Anghelu Ruju, Sardinien	Depot	Cagliari	SKK	Griffzungendolch
557	I	Anghelu Ruju, Sardinien	FelskammerGrab 1	Cagliari	SKK	Pfriem
558	I	Anghelu Ruju, Sardinien	FelskammerGrab 1	Cagliari		Pfriem
559	I	Anghelu Ruju, Sardinien	FelskammerGrab 1	Cagliari		Pfriem
560	I	Anghelu Ruju, Sardinien	FelskammerGrab 13	Cagliari		Pfriem
561	I	Anghelu Ruju, Sardinien	FelskammerGrab 13	Cagliari		Ring mit Spitzenden
562	I	Anghelu Ruju, Sardinien	FelskammerGrab 18	Cagliari	SKK	Pfriem mit rhombischer Mittelschwellung
563	I	Anghelu Ruju, Sardinien	FelskammerGrab 20	Cagliari	SKK	Pfriem
564	I	Anghelu Ruju, Sardinien	FelskammerGrab 20	Cagliari		Flachbeil
565	I	Anghelu Ruju, Sardinien	FelskammerGrab 30	Cagliari	SKK	Griffzungendolch
566	I	Acqua Prateri, Prov.Pisa	FelskammerGrab 30	Florenz		Dolch mit beidseitiger Mittelrippe
567	I	Acqua Prateri, Prov.Pisa	Grab	Florenz		Flachbeil, Ansatz zu Randleisten
568	I	Acqua Prateri, Prov.Pisa	Grab	Florenz		Dolch
569	I	Acqua Prateri, Prov.Pisa	Grab	Florenz		Flachbeil
570	I	Arezzo, Prov.	Grab	Arezzo 10891		Dolch mit verstärkter Mittelpartie
571	I	Arezzo, Prov.	?	Arezzo 10892		Dolch mit erhabener Mittelpartie
572	I	Arezzo, Prov.	?	Arezzo		Flachbeil, Ansatz zu Randleisten
573	I	Battifolle, Prov. Arezzo	?	Arezzo 961		Dolch m. verstärkter Mittelp. 4-5 Nietl.
574	I	Bibbona, Prov. Livorno	Grab	Florenz		Flachbeil
575	I	Bor di Pacengo, Prov.Verona	Einzf.	Verona		Randleistenbeil
576	I	Borgo Panigale, Prov. Bologna	Pfahlbau am Gardasee	Bologna		Flachbeil, durch Hämmern hergestellte Randleisten
577	I	Borgo Rivola, Prov.Ravenna	Einzf.	Bologna		Dolch m. kurz. Griffz. u. beids. Mittelrippe
578	I	Borgo Rivola, Prov.Ravenna	Grab?	Bologna		Dolch m. kurz. Griffz. u. eins. Mittelrippe
579	I	Borgo Rivola, Prov.Ravenna	Grab?	Bologna		Flachbeil
580	I	Brolio, Prov.Arezzo	Grab?	Florenz 4904		Dolch m. 4 Nietl. u. erhabener Mittelpartie
581	I	Bussolengo, Prov. Verona	F.O.?	Verona		Dolch m. erhabener Mittelpartie u. 1 Nietl
582	I	Castelluccio la Foce, Prov. Siena	Näheres unbekannt	Siena		Randleistenbeil
583	I	Castelluccio la Foce, Prov. Siena	Zusammengehörig mit SAMNR 583, 584	Siena		Stabdolchklinge m. beids. Mittelr. u. 3 Nietl
584	I	Castelluccio la Foce, Prov. Siena	Zusammengehörig mit SAMNR 582, 584	Siena		Randleistenbeil
585	I	Castiglione/Lago, Prov.Perugia	Zusammengeh.m.SAMNR 582, 583=Castelluccio la Foce	Arezzo 956		Dolch mit 3 Nietlöchern
586	I	Castiglione/Lago, Prov.Perugia	Grab	Arezzo 957		Dolch mit 3 Nietlöchern
587	I	Cattaragna, Prov. Brescia	Grab	Verona		Ösenringbarren
588	I	Cavriana, Prov. Mantua	Torbiera Bresciano. "Pfahlbau"	Verona		Dolch mit 1 erhaltenen Nietloch
589	I	Cavriana, Prov. Mantua	Torbiera. "Pfahlbau"-Funde	Verona		Dolch m. 5 Nietl. u. beids. Mittelrippe
590	I	Cecina, Prov.Livorno od.Pistoia	Torbiera. "Pfahlbau"-Funde	Florenz		Flachbeil, Ansatz zu Randleisten
591	I	Colombare di Negrar, Prov. Verona	1804 zusammen m. einem Silexdolch geschenkt	Verona		Flachbeil
592	I	Cortona, Prov. Arezzo	F.O.?	Arezzo 10893		Dolch mit 2 Nietlöchern
593	I	Dozza, Prov. Bologna	F.O.?	Bologna		Dolch, 5 Nietl. beids. verd. Mittelpartie
594	I	Prov.Firenze	Vollbronzezeitliche Siedl.	Florenz 1071		Flachbeil, Ansatz z Randleisten
596	I	Florenz, Prov. oder Pistoia, Prov.	Einzf.	Florenz 1030		Flachbeil, einseitig Ansatz zu Randleisten
597	I	Florenz, Prov. oder Pistoia, Prov.	Einzf.	Florenz 1069		Randleistenbeil
598	I	Florenz, Prov. oder Pistoia, Prov.	Einzf.	Florenz 1028		Randleistenbeil
599	I	Florenz, Prov. oder Pistoia, Prov.	Einzf.	Florenz		Flachbeil, einseitig Randleisten
600	I	Florenz, Prov. oder Pistoia, Prov.	Einzf.	Florenz		Flachbeil, Ansatz zu Randleisten
601	I	Foiano, Prov.Arezzo	Einzf.	Arezzo		Dolch m. beids. geschwollener Mittelpartie
602	I	Fucecchio, Prov.Florenz	F.O.?	Florenz		Flachbeil, Ansatz zu Randleisten
603	I	Garfagnana, Prov.Florenz	Einzf. 1919	Florenz		Flachbeil
604	I	Garfagnana, Prov.Florenz	F.O.?	Florenz		Flachbeil
605	I	Germagnignano, Prov. Florenz (?)	F.O.?	Florenz 84336		Dolch mit 1-3 Nietlöchern
606	I	Grosseto, Prov.Grosseto	Wahrscheinlich Grab	Florenz		Flachbeil, Ansatz zu Randleisten
607	I	Livorno, Prov.	Siedl.? Zusammen m. Lagozza-Keramik	Florenz		Stabdolch m. beidseitiger Mittelrippe
608	I	Manciano, Prov. Grosseto	Einzf.	Florenz 87277		Flachbeil
609	I	Massa Marittima, Prov.Grosseto	F.O.?	Florenz		Dolch mit 3 Nietlöchern
610	I	Massa Marittima, Prov.Grosseto	Grab	Florenz		Dolch mit 2 Nietlöchern
611	I	Massa Marittima, Prov.Grosseto	Grab	Florenz		Dolch m. 2 großen Nietlöchern
612	I	Massa Marittima, Prov.Grosseto	Grab	Florenz		Stabdolch mit 2 Nietlöchern
613	I	Massa Marittima, Prov.Grosseto	Grab	Florenz		Dolch mit 3 Nietlöchern
614	I	Monte Maggio, Prov. Siena	Grab	Siena		Randleistenbeil
615	I	Monte Maggio, Prov. Siena	F.O.?	Siena		Randleistenbeil
616	I	Monte Merano, Prov.Grosseto	F.O.?	Florenz		Stabdolch m. 3 beids. Mittelrippen 75365 T.
617	I	Monte Merano, Prov.Grosseto	Depot	Florenz		Stabdolch mit 2 großen Hutnieten
618	I	Montespértoli, Prov. Florenz	Depot	Florenz		Flachbeil, Ansatz zu Randleisten
619	I	Montespértoli, Prov. Florenz	Grab	Florenz		Dolch m. 3-5 Nietl. u. beids. Mittelrippe
620	I	Montespértoli, Prov. Florenz	Grab	Florenz		Dolchfragment m. 5 Nietl. u. Mittelgrat
621	I	Pallazzone, Prov.Siena	Grab	Siena		Flachbeil
622	I	Pavia, Prov.	F.O.?	Pavia 1636		Dolch m. 2 seitl. Kerben u. beids. Mittelgr.
623	I	Peschiera, Prov. Verona	Einzf.	Verona		Dreiringnadel
624	I	Peschiera, Prov. Verona	Pfahlbau	Verona		Kugelkopfnadel
625	I	Peschiera, Prov. Verona	Pfahlbau	Verona		Nadel m. horizontal durchb. Kugelkopf
626	I	Peschiera, Prov. Verona	Pfahlbau	Verona		Dreiringnadel
627	I	Pienza, Prov.Siena	Pfahlbau	Siena		Flachbeil
628	I	Pienza, Prov.Siena	Siedl.? Im Gebiet des "Ospedaletto"	Siena		Flachbeil
629	I	Pienza, Prov.Siena	Siedl.? Im Gebiet des "Ospedaletto"	Siena		Flachbeil, Ansatz zu Randleisten
630	I	Pienza, Prov.Siena	Siedl.? Im Gebiet des "Ospedaletto"	Siena		Dolch mit 3 Nietlöchern
631	I	Pienza, Prov.Siena	Siedl.? Im Gebiet des "Ospedaletto"	Siena		Dolch m. 2 Kerben a. Heft u. schw. Mittelgr.
632	I	Poggio Aquilone, Prov. Perugia	Siedl.? Im Gebiet des "Ospedaletto"	Bologna		Stabdolch m. 2 Reihen/3 Nietl. u. beids. Mittelr.
633	I	Poggio Aquilone, Prov. Perugia	Grab	Bologna		Flachbeil
634	I	Pomarance?, Prov.Pisa	Grab	Florenz		Flachbeil, Ansatz zu Randleisten
635	I	Portalbere, Prov.Pavia	Siedl.	Pavia 1645		Flachbeil
636	I	Quercieto, Prov.Siena	F.O.?	Siena		Dolch m. 2 Nietlöchern u. Mittelgrat
637	I	Quinzano Doglio, Prov.Brescia	3 Steinbeilchen u.2 Silexspitzen Typ Remedello	Verona		Flachbeil
